"businessentityid","nationalidnumber","loginid","jobtitle","birthdate","maritalstatus","gender","hiredate","salariedflag","vacationhours","sickleavehours","currentflag","rowguid","modifieddate","organizationnode"
1,"295847284",adventure-works\ken0,Chief Executive Officer,1969-01-29,S,M,2009-01-14,true,99,69,true,f01251e5-96a3-448d-981e-0f99d789110d,2014-06-30 00:00:00.000,/
2,"245797967",adventure-works\terri0,Vice President of Engineering,1971-08-01,S,F,2008-01-31,true,1,20,true,"45e8f437-670d-4409-93cb-f9424a40d6ee",2014-06-30 00:00:00.000,/1/
3,"509647174",adventure-works\roberto0,Engineering Manager,1974-11-12,M,M,2007-11-11,true,2,21,true,"9bbbfb2c-efbb-4217-9ab7-f97689328841",2014-06-30 00:00:00.000,/1/1/
4,"112457891",adventure-works\rob0,Senior Tool Designer,1974-12-23,S,M,2007-12-05,false,48,80,true,"59747955-87b8-443f-8ed4-f8ad3afdf3a9",2014-06-30 00:00:00.000,/1/1/1/
5,"695256908",adventure-works\gail0,Design Engineer,1952-09-27,M,F,2008-01-06,true,5,22,true,ec84ae09-f9b8-4a15-b4a9-6ccbab919b08,2014-06-30 00:00:00.000,/1/1/2/
6,"998320692",adventure-works\jossef0,Design Engineer,1959-03-11,M,M,2008-01-24,true,6,23,true,e39056f1-9cd5-478d-8945-14aca7fbdcdd,2014-06-30 00:00:00.000,/1/1/3/
7,"134969118",adventure-works\dylan0,Research and Development Manager,1987-02-24,M,M,2009-02-08,true,61,50,true,"4f46deca-ef01-41fd-9829-0adab368e431",2014-06-30 00:00:00.000,/1/1/4/
8,"811994146",adventure-works\diane1,Research and Development Engineer,1986-06-05,S,F,2008-12-29,true,62,51,true,"31112635-663b-4018-b4a2-a685c0bf48a4",2014-06-30 00:00:00.000,/1/1/4/1/
9,"658797903",adventure-works\gigi0,Research and Development Engineer,1979-01-21,M,F,2009-01-16,true,63,51,true,"50b6cdc6-7570-47ef-9570-48a64b5f2ecf",2014-06-30 00:00:00.000,/1/1/4/2/
10,"879342154",adventure-works\michael6,Research and Development Manager,1984-11-30,M,M,2009-05-03,true,16,64,true,eaa43680-5571-40cb-ab1a-3bf68f04459e,2014-06-30 00:00:00.000,/1/1/4/3/
11,"974026903",adventure-works\ovidiu0,Senior Tool Designer,1978-01-17,S,M,2010-12-05,false,7,23,true,f68c7c19-fac1-438c-9bb7-ac33fcc341c3,2014-06-30 00:00:00.000,/1/1/5/
12,"480168528",adventure-works\thierry0,Tool Designer,1959-07-29,M,M,2007-12-11,false,9,24,true,"1d955171-e773-4fad-8382-40fd898d5d4d",2014-06-30 00:00:00.000,/1/1/5/1/
13,"486228782",adventure-works\janice0,Tool Designer,1989-05-28,M,F,2010-12-23,false,8,24,true,"954b91b6-5aa7-48c2-8685-6e11c6e5c49a",2014-06-30 00:00:00.000,/1/1/5/2/
14,"42487730",adventure-works\michael8,Senior Design Engineer,1979-06-16,S,M,2010-12-30,true,3,21,true,"46286ca4-46dd-4ddb-9128-85b67e98d1a9",2014-06-30 00:00:00.000,/1/1/6/
15,"56920285",adventure-works\sharon0,Design Engineer,1961-05-02,M,F,2011-01-18,true,4,22,true,"54f2fdc0-87c4-4065-a7a8-9ac8ea624235",2014-06-30 00:00:00.000,/1/1/7/
16,"24756624",adventure-works\david0,Marketing Manager,1975-03-19,S,M,2007-12-20,true,40,40,true,e87029aa-2cba-4c03-b948-d83af0313e28,2014-06-30 00:00:00.000,/2/
17,"253022876",adventure-works\kevin0,Marketing Assistant,1987-05-03,S,M,2007-01-26,false,42,41,true,"1b480240-95c0-410f-a717-eb29943c8886",2014-06-30 00:00:00.000,/2/1/
18,"222969461",adventure-works\john5,Marketing Specialist,1978-03-06,S,M,2011-02-07,false,48,44,true,"64730415-1f58-4e5b-8fa8-5e4daeba53b4",2014-06-30 00:00:00.000,/2/2/
19,"52541318",adventure-works\mary2,Marketing Assistant,1978-01-29,S,F,2011-02-14,false,43,41,true,"1f6da901-c7f7-48a8-8eef-d81868d72b52",2014-06-30 00:00:00.000,/2/3/
20,"323403273",adventure-works\wanida0,Marketing Assistant,1975-03-17,M,F,2011-01-07,false,41,40,true,"43cca446-da1c-454c-8530-873ad2923e1b",2014-06-30 00:00:00.000,/2/4/
21,"243322160",adventure-works\terry0,Marketing Specialist,1986-02-04,M,M,2009-03-02,false,44,42,true,ad0d7626-4506-45c4-898f-9d7a0e13aabd,2014-06-30 00:00:00.000,/2/5/
22,"95958330",adventure-works\sariya0,Marketing Specialist,1987-05-21,S,M,2008-12-12,false,45,42,true,af21f1b7-0691-48ad-b325-b8f2d7b2268a,2014-06-30 00:00:00.000,/2/6/
23,"767955365",adventure-works\mary0,Marketing Specialist,1962-09-13,M,F,2009-01-12,false,46,43,true,"90899830-127e-4876-85ca-7f6e03025281",2014-06-30 00:00:00.000,/2/7/
24,"72636981",adventure-works\jill0,Marketing Specialist,1979-06-18,M,F,2009-01-18,false,47,43,true,"53575c58-fba1-4c1a-b8ff-95e050b44393",2014-06-30 00:00:00.000,/2/8/
25,"519899904",adventure-works\james1,Vice President of Production,1983-01-07,S,M,2009-02-03,true,64,52,true,d7314f24-2af1-429c-9bbb-4038f45f3e6c,2014-06-30 00:00:00.000,/3/
26,"277173473",adventure-works\peter0,Production Control Manager,1982-11-03,M,M,2008-12-01,true,43,41,true,"69d5d162-e817-45e7-9dec-5d9b8310e7b1",2014-12-26 09:17:08.637,/3/1/
27,"446466105",adventure-works\jo0,Production Supervisor - WC60,1956-10-08,S,F,2008-02-27,false,80,60,true,"83ffaac6-b895-481f-b897-14f965d4da47",2014-06-30 00:00:00.000,/3/1/1/
28,"14417807",adventure-works\guy1,Production Technician - WC60,1988-03-13,M,M,2006-06-30,false,21,30,true,aae1d04a-c237-4974-b4d5-935247737718,2014-06-30 00:00:00.000,/3/1/1/1/
29,"948320468",adventure-works\mark1,Production Technician - WC60,1979-09-25,S,M,2009-01-23,false,19,29,true,cdb2c6df-93e5-4558-91c8-424d5e7c658b,2014-06-30 00:00:00.000,/3/1/1/2/
30,"410742000",adventure-works\britta0,Production Technician - WC60,1989-09-28,M,F,2009-01-29,false,14,27,true,fc12677f-42f8-4790-ad69-685088ed7e5f,2014-06-30 00:00:00.000,/3/1/1/3/
31,"750246141",adventure-works\margie0,Production Technician - WC60,1986-05-20,M,F,2009-01-04,false,18,29,true,"352d6e2f-655b-49a2-9fec-efd7d8cd0d30",2014-06-30 00:00:00.000,/3/1/1/4/
32,"330211482",adventure-works\rebecca0,Production Technician - WC60,1977-07-10,M,F,2008-12-29,false,23,31,true,bdadeb5c-a596-4da1-88ba-842c7a0cc10f,2014-06-30 00:00:00.000,/3/1/1/5/
33,"801758002",adventure-works\annik0,Production Technician - WC60,1976-12-26,M,M,2008-12-17,false,17,28,true,"51fde6ac-bd50-467c-90e5-10ca7310455c",2014-06-30 00:00:00.000,/3/1/1/6/
34,"754372876",adventure-works\suchitra0,Production Technician - WC60,1987-06-10,M,F,2009-02-16,false,15,27,true,"6adbd932-0da5-4f5c-af67-8e3a53630896",2014-06-30 00:00:00.000,/3/1/1/7/
35,"999440576",adventure-works\brandon0,Production Technician - WC60,1977-01-10,M,M,2009-02-08,false,22,31,true,ca5d1935-44e2-4c45-93bb-809e59f56796,2014-06-30 00:00:00.000,/3/1/1/8/
36,"788456780",adventure-works\jose0,Production Technician - WC60,1984-07-31,M,M,2009-02-10,false,20,30,true,"9e912556-88ba-41ee-b946-cb84ab4c1102",2014-06-30 00:00:00.000,/3/1/1/9/
37,"442121106",adventure-works\chris2,Production Technician - WC60,1986-08-07,S,M,2009-03-07,false,16,28,true,"77b384c7-affb-4816-992b-f5b3034ee4ff",2014-06-30 00:00:00.000,/3/1/1/10/
38,"6298838",adventure-works\kim1,Production Technician - WC60,1966-12-14,M,F,2010-01-16,false,24,32,true,"891c27f4-28cc-44bb-bea3-da5ea7fbe957",2014-06-30 00:00:00.000,/3/1/1/11/
39,"461786517",adventure-works\ed0,Production Technician - WC60,1971-09-11,S,M,2010-02-05,false,25,32,true,"8ef22fb3-af37-4b44-8862-d60a7cb09d82",2014-06-30 00:00:00.000,/3/1/1/12/
40,"309738752",adventure-works\jolynn0,Production Supervisor - WC60,1956-01-16,S,F,2007-12-26,false,82,61,true,"2cc71b96-f421-485e-9832-8723337749bb",2014-06-30 00:00:00.000,/3/1/2/
41,"458159238",adventure-works\bryan0,Production Technician - WC60,1973-08-27,S,M,2009-01-21,false,35,37,true,"4652d4e4-6a27-47ed-9f51-c377e293da28",2014-06-30 00:00:00.000,/3/1/2/1/
42,"339712426",adventure-works\james0,Production Technician - WC60,1984-07-25,M,M,2008-12-27,false,39,39,true,"82e52d5a-165b-4c6d-9773-c3a6b6332ecd",2014-06-30 00:00:00.000,/3/1/2/2/
43,"693325305",adventure-works\nancy0,Production Technician - WC60,1988-11-19,M,F,2009-01-02,false,34,37,true,"6b7eb306-9a00-496a-98a9-4e94fe72f77c",2014-06-30 00:00:00.000,/3/1/2/3/
44,"276751903",adventure-works\simon0,Production Technician - WC60,1990-05-17,S,M,2008-12-08,false,38,39,true,f734d38a-56b5-471e-8ded-a682e958a9b3,2014-06-30 00:00:00.000,/3/1/2/4/
45,"500412746",adventure-works\thomas0,Production Technician - WC60,1986-01-10,M,M,2009-02-26,false,37,38,true,"8ff3af67-32f2-4a08-98c3-a40f842d41a3",2014-06-30 00:00:00.000,/3/1/2/5/
46,"66073987",adventure-works\eugene1,Production Technician - WC60,1976-02-10,S,M,2009-02-08,false,36,38,true,"33543b35-77da-4600-a41b-1eafea0ad643",2014-06-30 00:00:00.000,/3/1/2/6/
47,"33237992",adventure-works\andrew0,Production Supervisor - WC10,1988-09-06,S,M,2009-02-22,false,65,52,true,"08365b05-c143-4260-a93c-6b69418b1946",2014-06-30 00:00:00.000,/3/1/3/
48,"690627818",adventure-works\ruth0,Production Technician - WC10,1956-06-04,M,F,2008-01-06,false,83,61,true,"3e3b6905-209e-442e-b8a8-9a0980241c6a",2014-06-30 00:00:00.000,/3/1/3/1/
49,"912265825",adventure-works\barry0,Production Technician - WC10,1956-03-26,S,M,2008-01-07,false,88,64,true,"756a60ae-378f-43d8-9f93-1e821d1eaf52",2014-06-30 00:00:00.000,/3/1/3/2/
50,"844973625",adventure-works\sidney0,Production Technician - WC10,1956-08-30,M,M,2008-02-02,false,84,62,true,"40d603d9-7f99-48b7-a580-b17cf429bed2",2014-06-30 00:00:00.000,/3/1/3/3/
51,"132674823",adventure-works\jeffrey0,Production Technician - WC10,1956-07-11,S,M,2008-02-20,false,85,62,true,"6e086f41-b81d-4bdc-9f13-0eec488dc43e",2014-06-30 00:00:00.000,/3/1/3/4/
52,"565090917",adventure-works\doris0,Production Technician - WC10,1956-04-04,M,F,2008-03-10,false,86,63,true,"692b8826-03b4-4c3b-82fc-1fc6f1409689",2014-06-30 00:00:00.000,/3/1/3/5/
53,"9659517",adventure-works\diane0,Production Technician - WC10,1956-03-29,M,F,2008-03-28,false,87,63,true,c334b2d2-0c56-4906-9095-f1d07a98cbec,2014-06-30 00:00:00.000,/3/1/3/6/
54,"109272464",adventure-works\bonnie0,Production Technician - WC10,1986-09-10,M,F,2010-01-01,false,89,64,true,e950a52a-df61-4fec-9063-545664d65b89,2014-06-30 00:00:00.000,/3/1/3/7/
55,"233069302",adventure-works\taylor0,Production Supervisor - WC50,1956-04-01,M,M,2008-02-08,false,79,59,true,"28f7ef89-2793-4989-b67d-25046543c1e3",2014-06-30 00:00:00.000,/3/1/4/
56,"652535724",adventure-works\denise0,Production Technician - WC50,1988-07-06,M,F,2009-02-05,false,9,24,true,"77878c43-f16e-437d-892f-3cfcc0715a0a",2014-06-30 00:00:00.000,/3/1/4/1/
57,"10708100",adventure-works\frank1,Production Technician - WC50,1971-07-24,S,M,2009-02-23,false,10,25,true,b395cd84-77ba-4d3c-a49d-d9e8d6cf100b,2014-06-30 00:00:00.000,/3/1/4/2/
58,"571658797",adventure-works\kendall0,Production Technician - WC50,1986-05-30,M,M,2008-12-05,false,11,25,true,"65207627-5521-4a8e-ad3c-b2f1b5226b85",2014-06-30 00:00:00.000,/3/1/4/3/
59,"843479922",adventure-works\bob0,Production Technician - WC50,1979-08-16,S,M,2008-12-24,false,12,26,true,"68616aea-81e5-4940-a7e4-6fba882bccf6",2014-06-30 00:00:00.000,/3/1/4/4/
60,"827686041",adventure-works\pete0,Production Technician - WC50,1977-02-03,S,M,2009-01-11,false,13,26,true,"1f1d813d-3edc-4274-8e9b-4519d71685b6",2014-06-30 00:00:00.000,/3/1/4/5/
61,"92096924",adventure-works\diane2,Production Technician - WC50,1989-08-09,S,F,2009-01-18,false,8,24,true,"721a2921-c415-46de-9111-13f25f428b8b",2014-06-30 00:00:00.000,/3/1/4/6/
62,"494170342",adventure-works\john0,Production Supervisor - WC60,1956-08-07,M,M,2008-03-17,false,81,60,true,d4ed1f78-7c28-479b-bfef-a73228ba2aaa,2014-06-30 00:00:00.000,/3/1/5/
63,"414476027",adventure-works\maciej0,Production Technician - WC60,1955-01-30,S,M,2010-01-29,false,30,35,true,"3229d93f-6a14-4bac-abc5-a91b9ecfb4d3",2014-06-30 00:00:00.000,/3/1/5/1/
64,"582347317",adventure-works\michael7,Production Technician - WC60,1973-09-05,S,M,2010-02-23,false,26,33,true,"492b24bd-bde9-4371-b96e-ccd72264b91f",2014-06-30 00:00:00.000,/3/1/5/2/
65,"8066363",adventure-works\randy0,Production Technician - WC60,1970-04-28,M,M,2010-02-23,false,29,34,true,"9a08108d-e039-4862-8f93-55f18017ad72",2014-06-30 00:00:00.000,/3/1/5/3/
66,"834186596",adventure-works\karan0,Production Technician - WC60,1970-03-07,S,M,2009-12-22,false,28,34,true,"08b1ba74-dd80-4fda-8327-93268b84977b",2014-06-30 00:00:00.000,/3/1/5/4/
67,"63179277",adventure-works\jay0,Production Technician - WC60,1976-02-11,S,M,2009-03-05,false,32,36,true,"18187809-5294-474f-85a1-d5be6bd518d6",2014-06-30 00:00:00.000,/3/1/5/5/
68,"537092325",adventure-works\charles0,Production Technician - WC60,1971-09-02,S,M,2009-12-03,false,27,33,true,cdc11292-df74-4fb0-8676-5b2aa4687142,2014-06-30 00:00:00.000,/3/1/5/6/
69,"752513276",adventure-works\steve0,Production Technician - WC60,1991-04-06,S,M,2009-02-15,false,31,35,true,"12f678d7-ead3-4cf4-8518-a19aacf2a6d4",2014-06-30 00:00:00.000,/3/1/5/7/
70,"36151748",adventure-works\david2,Production Technician - WC60,1984-12-29,M,M,2008-12-15,false,33,36,true,fc617bb8-d2a3-4374-873c-8ef38d80127d,2014-06-30 00:00:00.000,/3/1/5/8/
71,"578935259",adventure-works\michael3,Production Supervisor - WC30,1989-01-29,S,M,2009-02-15,false,70,55,true,"1ad772d7-7b4a-4a7b-8676-49dd7608cb94",2014-06-30 00:00:00.000,/3/1/6/
72,"443968955",adventure-works\steven0,Production Technician - WC30,1977-05-14,M,M,2008-12-01,false,41,40,true,"0a8937c9-68aa-4d48-ba4e-b40493d764aa",2014-06-30 00:00:00.000,/3/1/6/1/
73,"138280935",adventure-works\carole0,Production Technician - WC30,1983-10-19,M,F,2008-12-19,false,42,41,true,c76a41f1-a390-4ae4-a82a-2a87764c6391,2014-06-30 00:00:00.000,/3/1/6/2/
74,"420023788",adventure-works\bjorn0,Production Technician - WC30,1989-11-06,S,M,2009-01-07,false,43,41,true,a942e1e0-2d5e-4858-97c0-947020e96860,2014-06-30 00:00:00.000,/3/1/6/3/
75,"363996959",adventure-works\michiko0,Production Technician - WC30,1982-06-27,S,M,2009-01-26,false,44,42,true,f359f5b6-5e18-4c62-8531-14d951911ce5,2014-06-30 00:00:00.000,/3/1/6/4/
76,"227319668",adventure-works\carol0,Production Technician - WC30,1988-10-17,M,F,2009-02-12,false,45,42,true,"8d0182a3-5b59-4eea-9b3c-c7f05da9a2ce",2014-06-30 00:00:00.000,/3/1/6/5/
77,"301435199",adventure-works\merav0,Production Technician - WC30,1983-05-13,M,F,2009-03-03,false,46,43,true,"2ee7914a-62d3-473b-a0e1-e4e55341ec4e",2014-06-30 00:00:00.000,/3/1/6/6/
78,"370989364",adventure-works\reuben0,Production Supervisor - WC40,1987-08-27,M,M,2008-12-15,false,72,56,true,"71eee2a6-b9b3-4bf4-8949-01239df7c901",2014-06-30 00:00:00.000,/3/1/7/
79,"697712387",adventure-works\eric1,Production Technician - WC40,1966-12-08,M,M,2010-01-24,false,60,50,true,"55f62e38-9457-46c8-a824-e46a3117a935",2014-06-30 00:00:00.000,/3/1/7/1/
80,"943170460",adventure-works\sandeep0,Production Technician - WC40,1970-12-03,S,M,2010-01-17,false,65,52,true,"606c21e2-3ec0-48a6-a9fe-6bc8123ac786",2014-06-30 00:00:00.000,/3/1/7/2/
81,"413787783",adventure-works\mihail0,Production Technician - WC40,1971-03-09,S,M,2009-12-29,false,64,52,true,"03a9ba14-0d5b-4671-b851-2c1721efbf01",2014-06-30 00:00:00.000,/3/1/7/3/
82,"58791499",adventure-works\jack1,Production Technician - WC40,1973-08-29,S,M,2010-03-03,false,62,51,true,d308d387-f7f3-4b5f-abda-faf5574245cd,2014-06-30 00:00:00.000,/3/1/7/4/
83,"988315686",adventure-works\patrick1,Production Technician - WC40,1973-12-23,M,M,2010-02-12,false,61,50,true,"296c52ae-169f-4292-975d-c508476dcecf",2014-06-30 00:00:00.000,/3/1/7/5/
84,"947029962",adventure-works\frank3,Production Technician - WC40,1952-03-02,M,M,2010-02-05,false,66,53,true,"9af24acc-ea3e-4efe-b5e3-4762c496d57c",2014-06-30 00:00:00.000,/3/1/7/6/
85,"1662732",adventure-works\brian2,Production Technician - WC40,1970-12-23,S,M,2009-12-11,false,63,51,true,c294f676-caaf-4924-9730-bc81ae408be1,2014-06-30 00:00:00.000,/3/1/7/7/
86,"769680433",adventure-works\ryan0,Production Technician - WC40,1972-06-13,M,M,2009-01-05,false,59,49,true,"10e5bd6f-2b9c-4192-a94d-6a2d50ea1adb",2014-06-30 00:00:00.000,/3/1/7/8/
87,"7201901",adventure-works\cristian0,Production Supervisor - WC10,1984-04-11,M,M,2008-12-22,false,67,53,true,"5be16416-8570-417d-9e54-047db468b5e9",2014-06-30 00:00:00.000,/3/1/8/
88,"294148271",adventure-works\betsy0,Production Technician - WC10,1966-12-17,S,F,2009-12-18,false,99,69,true,ebcdba1c-6c1d-4d36-90f7-1893755c85e3,2014-06-30 00:00:00.000,/3/1/8/1/
89,"90888098",adventure-works\patrick0,Production Technician - WC10,1986-09-10,S,M,2010-02-01,false,96,68,true,d5fbe9e6-b8c5-484c-b4b8-48059e0ef267,2014-06-30 00:00:00.000,/3/1/8/2/
90,"82638150",adventure-works\danielle0,Production Technician - WC10,1986-09-07,S,F,2010-02-20,false,97,68,true,bb886159-1400-4264-b7c9-a3769beb1274,2014-06-30 00:00:00.000,/3/1/8/3/
91,"390124815",adventure-works\kimberly0,Production Technician - WC10,1986-09-13,S,F,2010-01-12,false,95,67,true,ce256b6c-1eee-43ed-9969-7cac480ff4d7,2014-06-30 00:00:00.000,/3/1/8/4/
92,"826454897",adventure-works\tom0,Production Technician - WC10,1986-10-01,M,M,2010-03-10,false,98,69,true,b3bf7fc5-2014-48ce-b7bb-76124fa8446c,2014-06-30 00:00:00.000,/3/1/8/5/
93,"778552911",adventure-works\kok-ho0,Production Supervisor - WC50,1980-04-28,S,M,2008-12-27,false,78,59,true,"57fb2c0f-b105-49f0-967a-88f3d743cb3f",2014-06-30 00:00:00.000,/3/1/9/
94,"718299860",adventure-works\russell0,Production Technician - WC50,1972-11-25,M,M,2008-12-12,false,6,23,true,"6b10192f-d570-47c4-82c9-3d979b1efdc1",2014-06-30 00:00:00.000,/3/1/9/1/
95,"674171828",adventure-works\jim0,Production Technician - WC50,1986-09-08,M,M,2008-12-19,false,1,20,true,"6175876e-8fcc-4917-be06-fc358515e6df",2014-06-30 00:00:00.000,/3/1/9/2/
96,"912141525",adventure-works\elizabeth0,Production Technician - WC50,1990-01-25,M,F,2009-03-02,false,5,22,true,"62a9f73f-6443-4f2f-b864-18186614bfb6",2014-06-30 00:00:00.000,/3/1/9/3/
97,"370581729",adventure-works\mandar0,Production Technician - WC50,1986-03-21,S,M,2009-02-10,false,0,20,true,"1f0e068a-48c5-40bf-8190-565150efdadd",2014-06-30 00:00:00.000,/3/1/9/4/
98,"152085091",adventure-works\sameer0,Production Technician - WC50,1978-06-26,M,M,2009-02-11,false,4,22,true,a703169f-1563-488e-914d-d784fd07f29a,2014-06-30 00:00:00.000,/3/1/9/5/
99,"431859843",adventure-works\nuan0,Production Technician - WC50,1979-03-29,S,M,2009-01-06,false,2,21,true,a6089357-2f2f-48cc-ab3c-d9b75a3c09d7,2014-06-30 00:00:00.000,/3/1/9/6/
100,"204035155",adventure-works\lolan0,Production Technician - WC50,1973-01-24,M,M,2009-01-12,false,7,23,true,"9b9b768d-7cc1-4dce-87cb-765ab73a6aff",2014-06-30 00:00:00.000,/3/1/9/7/
101,"153288994",adventure-works\houman0,Production Technician - WC50,1971-08-30,M,M,2009-01-25,false,3,21,true,"9ce8b2e8-9944-4ba5-97de-441d8314f161",2014-06-30 00:00:00.000,/3/1/9/8/
102,"360868122",adventure-works\zheng0,Production Supervisor - WC10,1983-10-26,S,M,2008-12-03,false,66,53,true,c75f2740-ace3-4ebf-91c5-7ab352e1095f,2014-06-30 00:00:00.000,/3/1/10/
103,"455563743",adventure-works\ebru0,Production Technician - WC10,1986-09-22,S,M,2009-12-06,false,93,66,true,"6c25a32b-88b5-4f84-a129-f7f688dfa588",2014-06-30 00:00:00.000,/3/1/10/1/
104,"717889520",adventure-works\mary1,Production Technician - WC10,1986-09-19,M,F,2009-12-25,false,94,67,true,"6dc9f7d0-5664-4e4a-90f5-7ab85ebb02e6",2014-06-30 00:00:00.000,/3/1/10/2/
105,"801365500",adventure-works\kevin2,Production Technician - WC10,1986-09-19,S,M,2009-12-25,false,90,65,true,"8b21e53d-e705-479a-b32e-6e63ac2f4bcd",2014-06-30 00:00:00.000,/3/1/10/3/
106,"561196580",adventure-works\john4,Production Technician - WC10,1986-09-28,S,M,2010-02-27,false,92,66,true,d4cf23d9-21b6-45e4-827c-22890df0373b,2014-06-30 00:00:00.000,/3/1/10/4/
107,"393421437",adventure-works\christopher0,Production Technician - WC10,1986-10-01,M,M,2010-02-08,false,91,65,true,f71c6055-557b-4660-86ff-8c0fa14b24e6,2014-06-30 00:00:00.000,/3/1/10/5/
108,"630184120",adventure-works\jinghao0,Production Supervisor - WC50,1989-02-05,S,M,2008-12-08,false,77,58,true,"2bca07d3-f2ac-4406-904f-e09156f3eb3e",2014-06-30 00:00:00.000,/3/1/11/
109,"113695504",adventure-works\alice0,Production Technician - WC50,1978-01-26,M,F,2008-12-07,false,95,67,true,"7e632b21-0d11-4bba-8a68-8cae14c20ae6",2014-06-30 00:00:00.000,/3/1/11/1/
110,"857651804",adventure-works\jun0,Production Technician - WC50,1979-07-06,S,M,2008-12-14,false,90,65,true,"9c5f84d1-fb96-4d82-92a1-f932903deaad",2014-06-30 00:00:00.000,/3/1/11/2/
111,"415823523",adventure-works\suroor0,Production Technician - WC50,1978-02-25,S,M,2008-12-17,false,93,66,true,"14010b0e-c101-4e41-b788-21923399e512",2014-06-30 00:00:00.000,/3/1/11/3/
112,"981597097",adventure-works\john1,Production Technician - WC50,1978-05-31,S,M,2009-01-01,false,91,65,true,b6998410-ee0f-4307-9e6e-fe348f11012d,2014-06-30 00:00:00.000,/3/1/11/4/
113,"54759846",adventure-works\linda0,Production Technician - WC50,1987-07-17,M,F,2008-12-25,false,96,68,true,fb84759c-b687-43b2-8727-125efe0f5e13,2014-06-30 00:00:00.000,/3/1/11/5/
114,"342607223",adventure-works\mindaugas0,Production Technician - WC50,1978-05-07,M,M,2009-01-13,false,97,68,true,"1d784088-dacb-4185-9f60-3d2db4925ba5",2014-06-30 00:00:00.000,/3/1/11/6/
115,"563680513",adventure-works\angela0,Production Technician - WC50,1991-05-31,S,F,2009-01-20,false,92,66,true,"4958e1c3-c872-4222-954e-09d2060ea7ef",2014-06-30 00:00:00.000,/3/1/11/7/
116,"398737566",adventure-works\michael2,Production Technician - WC50,1974-05-03,S,M,2009-01-31,false,98,69,true,c6eb2566-cf28-4602-9a25-5b91c8728838,2014-06-30 00:00:00.000,/3/1/11/8/
117,"599942664",adventure-works\chad0,Production Technician - WC50,1990-08-04,M,M,2009-02-18,false,99,69,true,"83a32d4c-4725-478f-9997-91739bb957ba",2014-06-30 00:00:00.000,/3/1/11/9/
118,"222400012",adventure-works\don0,Production Technician - WC50,1971-06-13,M,M,2009-02-13,false,88,64,true,e720053d-922e-4c91-b81a-a1ca4ef8bb0e,2014-06-30 00:00:00.000,/3/1/11/10/
119,"334834274",adventure-works\michael4,Production Technician - WC50,1989-06-15,S,M,2009-02-25,false,94,67,true,eb27c026-9470-4450-8d5e-1f38a41793b5,2014-06-30 00:00:00.000,/3/1/11/11/
120,"211789056",adventure-works\kitti0,Production Technician - WC50,1987-06-06,S,F,2009-03-04,false,89,64,true,"49a05524-fa34-45b1-95bc-489901dc5b50",2014-06-30 00:00:00.000,/3/1/11/12/
121,"521265716",adventure-works\pilar0,Shipping and Receiving Supervisor,1972-09-09,S,M,2009-01-02,true,93,66,true,"01bcce22-d63a-4c3f-9ba8-d3d5a4c3bd52",2014-06-30 00:00:00.000,/3/1/12/
122,"586486572",adventure-works\susan0,Stocker,1978-02-17,S,F,2008-12-07,false,97,68,true,"923ecfd6-e202-429a-9141-6cb183531439",2014-06-30 00:00:00.000,/3/1/12/1/
123,"337752649",adventure-works\vamsi0,Shipping and Receiving Clerk,1977-03-18,M,M,2008-12-07,false,95,67,true,a8838ab2-99de-415c-8675-d82ebf1c4752,2014-06-30 00:00:00.000,/3/1/12/2/
124,"420776180",adventure-works\kim0,Stocker,1984-04-30,S,F,2008-12-26,false,98,69,true,"6150f197-7923-40d4-84f2-936207d468ab",2014-06-30 00:00:00.000,/3/1/12/3/
125,"584205124",adventure-works\matthias0,Shipping and Receiving Clerk,1973-11-11,M,M,2009-01-20,false,94,67,true,"54ed63dc-c62c-4cc7-89c2-015df49c49a5",2014-06-30 00:00:00.000,/3/1/12/4/
126,"652779496",adventure-works\jimmy0,Stocker,1985-05-04,M,M,2009-02-26,false,96,68,true,"96442787-9520-4955-a457-38afddb6ff13",2014-06-30 00:00:00.000,/3/1/12/5/
127,"750905084",adventure-works\david4,Production Supervisor - WC40,1983-07-02,S,M,2009-01-03,false,73,56,true,"516538e8-115b-44f4-aa7b-e6c1d9f8adfc",2014-06-30 00:00:00.000,/3/1/13/
128,"384162788",adventure-works\paul0,Production Technician - WC40,1980-11-13,S,M,2008-12-04,false,68,54,true,"0217049e-1566-42b6-8027-41b751e2b00b",2014-06-30 00:00:00.000,/3/1/13/1/
129,"502058701",adventure-works\gary0,Production Technician - WC40,1988-05-16,S,M,2008-12-22,false,69,54,true,a03d6052-1f85-4ebe-aac9-b67cfdcd91a6,2014-06-30 00:00:00.000,/3/1/13/2/
130,"578953538",adventure-works\rob1,Production Technician - WC40,1973-08-04,S,M,2009-02-13,false,71,55,true,"54fda597-6822-42b4-b128-63eca03071f2",2014-06-30 00:00:00.000,/3/1/13/3/
131,"273260055",adventure-works\baris0,Production Technician - WC40,1990-10-07,S,M,2009-02-15,false,72,56,true,"232d68bf-df58-48f9-9235-53bd4b009b4b",2014-06-30 00:00:00.000,/3/1/13/4/
132,"1300049",adventure-works\nicole0,Production Technician - WC40,1986-04-09,M,F,2009-02-22,false,67,53,true,"15671e3b-016f-41fd-840b-5a9f7d776d9a",2014-06-30 00:00:00.000,/3/1/13/5/
133,"830150469",adventure-works\michael1,Production Technician - WC40,1991-01-04,S,M,2009-01-10,false,70,55,true,"416bf905-7d6c-4692-8fd6-40f6c4f9ecc4",2014-06-30 00:00:00.000,/3/1/13/6/
134,"45615666",adventure-works\eric0,Production Supervisor - WC20,1985-01-19,M,M,2009-01-14,false,40,40,true,"2abcf39b-88d7-49fa-820a-83d223322ba5",2014-06-30 00:00:00.000,/3/1/14/
135,"964089218",adventure-works\ivo0,Production Technician - WC20,1982-01-03,M,M,2008-12-04,false,9,24,true,d83a26f3-7ea7-477b-a5bb-7eaadfc13a09,2014-06-30 00:00:00.000,/3/1/14/1/
136,"701156975",adventure-works\sylvester0,Production Technician - WC20,1970-11-12,M,M,2009-12-11,false,4,22,true,d9c43d08-3882-4e5c-bdf0-f6bd7004cd04,2014-06-30 00:00:00.000,/3/1/14/2/
137,"63761469",adventure-works\anibal0,Production Technician - WC20,1974-09-05,S,F,2009-02-23,false,8,24,true,bc18a829-f0ce-4eaf-9785-2d84c86f925a,2014-06-30 00:00:00.000,/3/1/14/3/
138,"25011600",adventure-works\samantha0,Production Technician - WC20,1987-11-22,M,F,2009-02-04,false,7,23,true,"1629eddd-d0ae-4cb9-a59c-3a175f7027e5",2014-06-30 00:00:00.000,/3/1/14/4/
139,"113393530",adventure-works\hung-fu0,Production Technician - WC20,1971-10-23,S,M,2010-01-06,false,0,20,true,"065d8d5f-9504-4ffe-98dc-e69677f19f15",2014-06-30 00:00:00.000,/3/1/14/5/
140,"339233463",adventure-works\prasanna0,Production Technician - WC20,1953-04-30,M,M,2010-01-22,false,5,22,true,"72ed240a-0fd8-4423-8a49-9078ba6bcf6c",2014-06-30 00:00:00.000,/3/1/14/6/
141,"872923042",adventure-works\min0,Production Technician - WC20,1974-09-10,M,M,2010-01-24,false,1,20,true,cc75c35d-1566-43fa-b2e9-d1e508efdcd1,2014-06-30 00:00:00.000,/3/1/14/7/
142,"163347032",adventure-works\olinda0,Production Technician - WC20,1970-04-04,S,F,2010-03-04,false,3,21,true,"6456cec3-9b1e-4ebc-9fd8-732b93363f65",2014-06-30 00:00:00.000,/3/1/14/8/
143,"56772045",adventure-works\krishna0,Production Technician - WC20,1971-09-05,S,M,2010-02-13,false,2,21,true,"42a506a5-0ac0-4148-b702-bb7b804ef98c",2014-06-30 00:00:00.000,/3/1/14/9/
144,"886023130",adventure-works\paul1,Production Technician - WC20,1990-11-04,M,M,2009-01-17,false,6,23,true,dc5ba622-b860-41ee-af92-5feb4779b589,2014-06-30 00:00:00.000,/3/1/14/10/
145,"386315192",adventure-works\cynthia0,Production Supervisor - WC30,1981-08-18,S,F,2009-01-27,false,69,54,true,f9e1dc46-0d03-4a8a-b693-1a964bc13e6c,2014-06-30 00:00:00.000,/3/1/15/
146,"160739235",adventure-works\jianshuo0,Production Technician - WC30,1989-06-25,S,M,2008-12-07,false,36,38,true,"6fff136a-9664-4eb9-9243-fac76e21b9dd",2014-06-30 00:00:00.000,/3/1/15/1/
147,"604664374",adventure-works\sandra0,Production Technician - WC30,1975-11-05,M,F,2008-12-26,false,37,38,true,f69f3ff9-e1e0-4419-a6bf-f705e1556160,2014-06-30 00:00:00.000,/3/1/15/2/
148,"733022683",adventure-works\jason0,Production Technician - WC30,1988-12-07,S,M,2009-01-14,false,38,39,true,c16c501d-942d-4eb0-b5c4-ef8119fbeba2,2014-06-30 00:00:00.000,/3/1/15/3/
149,"764853868",adventure-works\andy0,Production Technician - WC30,1983-10-20,M,M,2009-01-31,false,39,39,true,"615a6bfe-3046-4037-9764-238535f725be",2014-06-30 00:00:00.000,/3/1/15/4/
150,"878395493",adventure-works\michael5,Production Technician - WC30,1982-09-18,M,M,2009-02-26,false,35,37,true,"2b0876d4-8996-4e71-a613-be2e98e7accf",2014-06-30 00:00:00.000,/3/1/15/5/
151,"993310268",adventure-works\rostislav0,Production Technician - WC30,1977-09-13,M,M,2009-02-19,false,40,40,true,"00027a8c-c2f8-4a31-aba8-8a203638b8f1",2014-06-30 00:00:00.000,/3/1/15/6/
152,"319472946",adventure-works\yuhong0,Production Supervisor - WC20,1977-04-06,M,M,2009-02-01,false,41,40,true,f1a684f4-02db-4b22-8977-6d8d3a21100e,2014-06-30 00:00:00.000,/3/1/16/
153,"568596888",adventure-works\hanying0,Production Technician - WC20,1974-10-16,S,M,2008-12-16,false,15,27,true,"618b71bc-6e8c-492d-8862-b9efb7a4e06a",2014-06-30 00:00:00.000,/3/1/16/1/
154,"97728960",adventure-works\raymond0,Production Technician - WC20,1967-03-02,M,M,2008-12-23,false,10,25,true,"9f01e1fb-b893-40cc-9f5c-aaf89f9b7af5",2014-06-30 00:00:00.000,/3/1/16/2/
155,"212801092",adventure-works\fadi0,Production Technician - WC20,1989-02-15,S,M,2009-01-04,false,16,28,true,"9923376f-26d0-4845-9d99-cc3d696caeb8",2014-06-30 00:00:00.000,/3/1/16/3/
156,"322160340",adventure-works\lane0,Production Technician - WC20,1974-09-23,M,M,2009-01-11,false,11,25,true,"042427b8-3883-4a87-a6a3-724ee1690f49",2014-06-30 00:00:00.000,/3/1/16/4/
157,"812797414",adventure-works\linda1,Production Technician - WC20,1977-10-05,S,F,2009-02-03,false,12,26,true,f963f913-449e-4ebb-bfda-fc0c3010db65,2014-06-30 00:00:00.000,/3/1/16/5/
158,"300946911",adventure-works\shelley0,Production Technician - WC20,1986-12-08,S,F,2009-03-07,false,14,27,true,"13942056-2930-4490-83ce-af2386d5a5e7",2014-06-30 00:00:00.000,/3/1/16/6/
159,"404159499",adventure-works\terrence0,Production Technician - WC20,1984-12-08,S,M,2009-02-16,false,13,26,true,"4da76442-5eef-41fb-ae19-16c55714f9ad",2014-06-30 00:00:00.000,/3/1/16/7/
160,"712885347",adventure-works\jeff0,Production Supervisor - WC45,1977-01-15,M,M,2009-01-21,false,74,57,true,"7c7d459e-1f49-427d-9bd5-de31880c85dc",2014-06-30 00:00:00.000,/3/1/17/
161,"275962311",adventure-works\kirk0,Production Technician - WC45,1985-02-06,S,M,2008-12-15,false,74,57,true,"08d25baa-167b-499c-8b51-31dcc856a8cf",2014-06-30 00:00:00.000,/3/1/17/1/
162,"514829225",adventure-works\laura0,Production Technician - WC45,1980-12-25,S,F,2009-01-03,false,75,57,true,fccd65ba-2702-4409-ae56-75af1710ac78,2014-06-30 00:00:00.000,/3/1/17/2/
163,"377784364",adventure-works\alex0,Production Technician - WC45,1990-04-13,M,M,2009-02-08,false,77,58,true,b96bc9c2-5a25-4a9b-887a-c7c10e47b80c,2014-06-30 00:00:00.000,/3/1/17/3/
164,"65848458",adventure-works\andrew1,Production Technician - WC45,1988-09-24,S,M,2009-03-06,false,73,56,true,a2a2cf20-4e5c-45f7-a7bd-1b94f0c3a43a,2014-06-30 00:00:00.000,/3/1/17/4/
165,"539490372",adventure-works\chris0,Production Technician - WC45,1988-12-16,M,M,2009-01-22,false,76,58,true,"300223f3-5587-4230-909b-d9c4afd6d683",2014-06-30 00:00:00.000,/3/1/17/5/
166,"60114406",adventure-works\jack0,Production Supervisor - WC30,1983-06-22,S,M,2009-02-21,false,68,54,true,"69a47230-70ee-48fd-ac15-c39f3712ff14",2014-06-30 00:00:00.000,/3/1/18/
167,"498138869",adventure-works\david1,Production Technician - WC30,1979-11-02,S,M,2008-12-02,false,25,32,true,ed7ee92e-a9d0-4e3a-8dee-4b143e459f7e,2014-06-30 00:00:00.000,/3/1/18/1/
168,"271438431",adventure-works\garrett0,Production Technician - WC30,1984-08-25,S,M,2008-12-07,false,34,37,true,a6f5f72f-aa03-41b7-8b6e-b123bd360753,2014-06-30 00:00:00.000,/3/1/18/2/
169,"351069889",adventure-works\susan1,Production Technician - WC30,1983-04-02,S,F,2008-12-14,false,31,35,true,f73d75d5-b47b-46ee-ad11-7bf13dd6c55d,2014-06-30 00:00:00.000,/3/1/18/3/
170,"476115505",adventure-works\george0,Production Technician - WC30,1977-04-16,M,M,2008-12-21,false,26,33,true,"01b119a2-2af3-4775-818e-b421fecb07a7",2014-06-30 00:00:00.000,/3/1/18/4/
171,"746373306",adventure-works\david3,Production Technician - WC30,1981-08-03,S,M,2009-01-02,false,32,36,true,"84c358d4-2493-452c-b7d6-b212c893a009",2014-06-30 00:00:00.000,/3/1/18/5/
172,"364818297",adventure-works\marc0,Production Technician - WC30,1986-10-24,M,M,2009-01-16,false,22,31,true,"1f151abc-db4a-431a-8a5d-15f46c5b8ffc",2014-06-30 00:00:00.000,/3/1/18/6/
173,"87268837",adventure-works\eugene0,Production Technician - WC30,1987-07-15,S,M,2009-01-21,false,33,36,true,"1ba1d374-18ae-48ed-938f-6f5d2eec4d4d",2014-06-30 00:00:00.000,/3/1/18/7/
174,"585408256",adventure-works\benjamin0,Production Technician - WC30,1986-01-05,S,M,2009-01-27,false,28,34,true,f1a6f824-895b-4a0f-af1b-05fba703e69f,2014-06-30 00:00:00.000,/3/1/18/8/
175,"259388196",adventure-works\reed0,Production Technician - WC30,1989-01-08,M,M,2009-02-02,false,23,31,true,b3967c00-7014-4960-af15-b1a6d3094f6f,2014-06-30 00:00:00.000,/3/1/18/9/
176,"860123571",adventure-works\david7,Production Technician - WC30,1985-09-23,M,M,2009-02-14,false,29,34,true,"85afb689-7eab-41a8-b154-9446195d5bde",2014-06-30 00:00:00.000,/3/1/18/10/
177,"551346974",adventure-works\russell1,Production Technician - WC30,1982-02-11,M,M,2009-02-21,false,24,32,true,d54c7989-2675-4ef3-b392-370a8d264b2b,2014-06-30 00:00:00.000,/3/1/18/11/
178,"568626529",adventure-works\john3,Production Technician - WC30,1982-03-24,S,M,2009-03-03,false,27,33,true,"96c7eab1-6dea-4c59-afd8-923f0e8de1f6",2014-06-30 00:00:00.000,/3/1/18/12/
179,"587567941",adventure-works\jan0,Production Technician - WC30,1974-11-15,S,M,2009-03-05,false,30,35,true,"975f827d-be71-4eb1-8dbf-e6c451d1fad5",2014-06-30 00:00:00.000,/3/1/18/13/
180,"862951447",adventure-works\katie0,Production Supervisor - WC20,1984-11-18,S,F,2009-02-20,false,42,41,true,"5be8b211-cbe5-45d8-84fd-23f36a881473",2014-06-30 00:00:00.000,/3/1/19/
181,"545337468",adventure-works\michael0,Production Technician - WC20,1984-11-17,S,M,2008-12-09,false,20,30,true,"4fd6fe82-535a-4dd1-beb1-154a8b5e42f0",2014-06-30 00:00:00.000,/3/1/19/1/
182,"368920189",adventure-works\nitin0,Production Technician - WC20,1986-12-01,S,M,2008-12-28,false,21,30,true,ebbc6787-3f2d-4f6b-9ea3-4def02ef382e,2014-06-30 00:00:00.000,/3/1/19/2/
183,"969985265",adventure-works\barbara0,Production Technician - WC20,1979-07-02,M,F,2009-01-22,false,17,28,true,"045c9cbb-3448-4599-9fa9-6c7a9f82f832",2014-06-30 00:00:00.000,/3/1/19/3/
184,"305522471",adventure-works\john2,Production Technician - WC20,1986-04-05,M,M,2009-02-09,false,18,29,true,bab69951-28ad-4bca-b5ac-032746d0cc6f,2014-06-30 00:00:00.000,/3/1/19/4/
185,"621932914",adventure-works\stefen0,Production Technician - WC20,1975-12-21,S,M,2009-02-28,false,19,29,true,b9eebf9f-f694-4bc2-98ec-9b4fb0379edf,2014-06-30 00:00:00.000,/3/1/19/5/
186,"551834634",adventure-works\shane0,Production Supervisor - WC45,1990-05-24,S,M,2009-02-08,false,75,57,true,"2625c358-672a-4000-ad67-b8cd3f318285",2014-06-30 00:00:00.000,/3/1/20/
187,"713403643",adventure-works\yvonne0,Production Technician - WC45,1989-04-15,M,F,2008-12-09,false,79,59,true,"83c6dabf-fd7d-4f5b-bb22-eb7eebb9a772",2014-06-30 00:00:00.000,/3/1/20/1/
188,"435234965",adventure-works\douglas0,Production Technician - WC45,1985-11-24,M,M,2008-12-27,false,80,60,true,"1ab0edeb-7558-4734-8423-5a11b44dca35",2014-06-30 00:00:00.000,/3/1/20/2/
189,"187369436",adventure-works\janeth0,Production Technician - WC45,1972-07-24,S,F,2009-01-15,false,81,60,true,"8261b8cb-bc3f-4bce-b364-86035d870263",2014-06-30 00:00:00.000,/3/1/20/3/
190,"456839592",adventure-works\robert0,Production Technician - WC45,1985-02-28,S,M,2009-02-02,false,82,61,true,"2203154e-5ebd-4aca-99be-d835a3309d03",2014-06-30 00:00:00.000,/3/1/20/4/
191,"399658727",adventure-works\lionel0,Production Technician - WC45,1988-03-14,S,M,2009-02-26,false,78,59,true,"231b1798-f67b-45c1-9688-265180f93d28",2014-06-30 00:00:00.000,/3/1/20/5/
192,"634335025",adventure-works\brenda0,Production Supervisor - WC40,1983-02-28,M,F,2009-03-05,false,71,55,true,"714d519b-375e-4c5a-8491-c758d00cf95f",2014-06-30 00:00:00.000,/3/1/21/
193,"761597760",adventure-works\alejandro0,Production Technician - WC40,1988-12-05,S,M,2008-12-06,false,52,46,true,"8c7321d2-2c64-4902-9d64-8f5c1eb7f747",2014-06-30 00:00:00.000,/3/1/21/1/
194,"295971920",adventure-works\fred0,Production Technician - WC40,1989-06-25,S,M,2008-12-12,false,47,43,true,"45358ae8-0b0e-4c11-90bb-dac3ec0d5c82",2014-06-30 00:00:00.000,/3/1/21/2/
195,"918737118",adventure-works\kevin1,Production Technician - WC40,1985-12-25,S,M,2008-12-17,false,58,49,true,dc7e95ff-275e-41c2-8ed3-686864f0540a,2014-06-30 00:00:00.000,/3/1/21/3/
196,"370487086",adventure-works\shammi0,Production Technician - WC40,1980-10-04,M,M,2008-12-24,false,53,46,true,"9bef0c94-7969-4905-9a42-ce469c754800",2014-06-30 00:00:00.000,/3/1/21/4/
197,"632092621",adventure-works\rajesh0,Production Technician - WC40,1977-10-04,M,M,2008-12-31,false,48,44,true,aca7b40c-7ac0-4daa-b4c7-1051d850d7d9,2014-06-30 00:00:00.000,/3/1/21/5/
198,"19312190",adventure-works\lorraine0,Production Technician - WC40,1988-11-26,M,F,2009-01-04,false,49,44,true,a63966b6-9ad6-40bc-afd4-a83745879f4d,2014-06-30 00:00:00.000,/3/1/21/6/
199,"992874797",adventure-works\paula1,Production Technician - WC40,1987-02-10,M,F,2009-01-12,false,54,47,true,"5dd2be46-204f-4af3-91f5-5ef082f6d6a6",2014-06-30 00:00:00.000,/3/1/21/7/
200,"749211824",adventure-works\frank0,Production Technician - WC40,1987-09-06,M,M,2009-01-17,false,56,48,true,dd9ad278-ed17-40cf-8619-baf1bb9d1cf2,2014-06-30 00:00:00.000,/3/1/21/8/
201,"746201340",adventure-works\brian0,Production Technician - WC40,1977-02-10,S,M,2009-01-29,false,55,47,true,"18d594a8-b4ed-43c0-9c43-6033feaadf4e",2014-06-30 00:00:00.000,/3/1/21/9/
202,"436757988",adventure-works\tawana0,Production Technician - WC40,1989-11-10,S,M,2009-02-05,false,50,45,true,bb4a3e50-232e-4212-9faf-e67429febc7d,2014-06-30 00:00:00.000,/3/1/21/10/
203,"693168613",adventure-works\ken1,Production Technician - WC40,1981-05-28,M,M,2009-02-24,false,51,45,true,"699c00d8-c4ab-4cd2-a48f-37cbcb5bfcca",2014-06-30 00:00:00.000,/3/1/21/11/
204,"440379437",adventure-works\gabe0,Production Technician - WC40,1988-05-10,M,M,2009-03-08,false,57,48,true,"790c9a7c-264c-4d48-a9d3-e2571a8011d8",2014-06-30 00:00:00.000,/3/1/21/12/
205,"332349500",adventure-works\lori0,Production Supervisor - WC45,1980-07-18,S,F,2009-02-26,false,76,58,true,"23d436fc-08f7-4988-8b4d-490aa4e8b7e7",2014-06-30 00:00:00.000,/3/1/22/
206,"835460180",adventure-works\stuart0,Production Technician - WC45,1962-09-13,S,M,2008-12-02,false,84,62,true,"4f361b4f-7920-4037-9a0a-46d616f9b9c7",2014-06-30 00:00:00.000,/3/1/22/1/
207,"687685941",adventure-works\greg0,Production Technician - WC45,1970-10-18,S,M,2008-12-02,false,85,62,true,a36b5d6b-72a5-47f8-9f6b-5d922130e760,2014-06-30 00:00:00.000,/3/1/22/2/
208,"199546871",adventure-works\scott0,Production Technician - WC45,1987-02-10,M,M,2009-01-08,false,86,63,true,e35da50a-bb51-4e08-8b8d-87ef4650247a,2014-06-30 00:00:00.000,/3/1/22/3/
209,"167554340",adventure-works\kathie0,Production Technician - WC45,1990-11-01,M,F,2009-01-27,false,87,63,true,"25fc84d7-e013-44b8-82cd-63cd4723af81",2014-06-30 00:00:00.000,/3/1/22/4/
210,"20244403",adventure-works\belinda0,Production Technician - WC45,1969-09-17,S,F,2009-02-20,false,83,61,true,f714b5ec-ca7c-4e6e-a812-2c5a119f4c30,2014-06-30 00:00:00.000,/3/1/22/5/
211,"398223854",adventure-works\hazem0,Quality Assurance Manager,1977-10-26,S,M,2009-02-28,true,80,60,true,"05c84608-f445-4f9d-bb5c-0828c309c29d",2014-12-26 09:17:08.637,/3/2/
212,"885055826",adventure-works\peng0,Quality Assurance Supervisor,1976-03-18,M,M,2008-12-09,true,81,60,true,e249d613-36c9-4544-9b6f-6ce50e5e0da5,2014-06-30 00:00:00.000,/3/2/1/
213,"343861179",adventure-works\sootha0,Quality Assurance Technician,1966-12-05,M,M,2010-02-23,false,85,62,true,a3dadf19-27f0-460a-9888-ce6caa9e3583,2014-06-30 00:00:00.000,/3/2/1/1/
214,"131471224",adventure-works\andreas0,Quality Assurance Technician,1989-03-28,M,M,2009-02-02,false,84,62,true,f4ddd64f-dffe-4df3-aa17-d6bea1924818,2014-06-30 00:00:00.000,/3/2/1/2/
215,"381772114",adventure-works\mark0,Quality Assurance Technician,1986-04-30,S,M,2009-01-15,false,83,61,true,"6b63ef27-2c55-4f4c-be29-fce8b694dc4a",2014-06-30 00:00:00.000,/3/2/1/3/
216,"403414852",adventure-works\sean0,Quality Assurance Technician,1976-03-06,S,M,2008-12-28,false,82,61,true,"34e128cf-d904-4327-8014-9df0d5de7d08",2014-06-30 00:00:00.000,/3/2/1/4/
217,"345106466",adventure-works\zainal0,Document Control Manager,1976-01-30,M,M,2009-01-04,false,77,58,true,dc60eeed-9f9f-4435-8666-4de4fafde9c3,2014-06-30 00:00:00.000,/3/2/2/
218,"540688287",adventure-works\tengiz0,Control Specialist,1990-04-28,S,M,2008-12-16,false,76,58,true,c609b3b2-7969-410c-934c-62c34b63c4ee,2014-06-30 00:00:00.000,/3/2/2/1/
219,"242381745",adventure-works\sean1,Document Control Assistant,1987-03-12,S,M,2009-01-22,false,78,59,true,f78657a9-83ef-4b4d-9809-3c4c6d1a7bb4,2014-06-30 00:00:00.000,/3/2/2/2/
220,"260770918",adventure-works\karen0,Document Control Assistant,1975-12-25,M,F,2009-02-09,false,79,59,true,"8a41ed23-7ae2-4c15-aa5d-9496e721f848",2014-06-30 00:00:00.000,/3/2/2/3/
221,"260805477",adventure-works\chris1,Control Specialist,1987-05-26,M,M,2009-03-06,false,75,57,true,"45c358fb-9c7f-4d36-8ec7-3d89e9fd07f4",2014-06-30 00:00:00.000,/3/2/2/4/
222,"685233686",adventure-works\ascott0,Master Scheduler,1968-09-17,S,M,2008-12-12,false,44,42,true,"13909262-4136-492f-bca3-0b0e3773b03e",2014-12-26 09:17:08.637,/3/3/
223,"981495526",adventure-works\sairaj0,Scheduling Assistant,1987-12-22,M,M,2009-01-26,false,46,43,true,"4d36a720-ce32-4c47-866a-db7844449309",2014-06-30 00:00:00.000,/3/3/1/
224,"621209647",adventure-works\william0,Scheduling Assistant,1981-11-06,M,M,2009-01-07,false,45,42,true,"1a68cd62-6fe9-4613-90d4-2cd178e4e54a",2014-06-30 00:00:00.000,/3/3/2/
225,"470689086",adventure-works\alan0,Scheduling Assistant,1984-03-29,M,M,2009-02-13,false,47,43,true,de321854-b076-4d59-bb7b-42152031b108,2014-06-30 00:00:00.000,/3/3/3/
226,"368691270",adventure-works\brian1,Scheduling Assistant,1984-08-11,M,M,2009-03-03,false,48,44,true,dfa02733-c26e-4e31-99d8-9167e4e5131d,2014-06-30 00:00:00.000,/3/3/4/
227,"141165819",adventure-works\gary1,Facilities Manager,1971-02-18,M,M,2009-12-02,true,86,63,true,"62f6ec59-5635-44f3-9cc1-2d8eeaf90a05",2014-06-30 00:00:00.000,/3/4/
228,"553069203",adventure-works\christian0,Maintenance Supervisor,1976-01-18,M,M,2008-12-14,true,92,66,true,"4611c7c5-90a0-407f-b054-93bd51533609",2014-06-30 00:00:00.000,/3/4/1/
229,"879334904",adventure-works\lori1,Janitor,1970-07-31,M,F,2010-02-16,false,90,65,true,"929fe187-ee24-4f5f-af2a-f96324f09423",2014-06-30 00:00:00.000,/3/4/1/1/
230,"28414965",adventure-works\stuart1,Janitor,1971-12-17,M,M,2010-03-05,false,88,64,true,cc2791e6-7629-49c5-922a-81445afdf033,2014-06-30 00:00:00.000,/3/4/1/2/
231,"153479919",adventure-works\jo1,Janitor,1954-04-24,M,F,2010-03-07,false,91,65,true,"39af5cca-9b52-41e5-b510-72901d2578f6",2014-06-30 00:00:00.000,/3/4/1/3/
232,"646304055",adventure-works\pat0,Janitor,1970-12-03,S,M,2010-01-27,false,89,64,true,"49238447-30ee-4009-993f-0b6c756ab436",2014-06-30 00:00:00.000,/3/4/1/4/
233,"552560652",adventure-works\magnus0,Facilities Administrative Assistant,1971-08-27,M,M,2009-12-21,false,87,63,true,"0a4bcc09-ace5-4481-9067-8b9ed70eca18",2014-06-30 00:00:00.000,/3/4/2/
234,"184188301",adventure-works\laura1,Chief Financial Officer,1976-01-06,M,F,2009-01-31,true,0,20,true,d5e315a6-bd65-4d67-9d5f-81ef5c4ef8a6,2014-06-30 00:00:00.000,/4/
235,"535145551",adventure-works\paula0,Human Resources Manager,1976-02-11,M,F,2008-12-06,true,54,47,true,"65028f15-4149-4de5-b203-9d7ec86baf87",2014-06-30 00:00:00.000,/4/1/
236,"476980013",adventure-works\grant0,Human Resources Administrative Assistant,1976-04-16,S,M,2009-02-25,false,53,46,true,"4511abba-7f34-400e-907b-a663c20e1a41",2014-06-30 00:00:00.000,/4/1/1/
237,"416679555",adventure-works\hao0,Human Resources Administrative Assistant,1977-04-17,S,M,2009-02-06,false,52,46,true,fd53c4c8-b34e-460f-9ee5-747b07fe98b3,2014-06-30 00:00:00.000,/4/1/2/
238,"264306399",adventure-works\vidur0,Recruiter,1984-08-01,S,M,2009-01-01,false,50,45,true,"47e76b59-b137-4572-ad55-6b3e68c13bd3",2014-06-30 00:00:00.000,/4/1/3/
239,"619308550",adventure-works\mindy0,Benefits Specialist,1984-11-20,M,F,2008-12-25,false,51,45,true,"834d7ab6-06e6-4944-b42f-028cd4bd388e",2014-06-30 00:00:00.000,/4/1/4/
240,"332040978",adventure-works\willis0,Recruiter,1978-07-18,S,M,2008-12-13,false,49,44,true,a1d86ecc-ea17-4b1b-8369-f1d07ab0a469,2014-06-30 00:00:00.000,/4/1/5/
241,"30845",adventure-works\david6,Accounts Manager,1983-07-08,M,M,2009-01-30,true,57,48,true,"2dc9d534-f5d1-4a14-8282-0a2a0eb6fd4d",2014-06-30 00:00:00.000,/4/2/
242,"363923697",adventure-works\deborah0,Accounts Receivable Specialist,1976-03-06,M,F,2008-12-18,false,60,50,true,"09f75454-028c-46ca-bc08-0147bd0220d7",2014-06-30 00:00:00.000,/4/2/1/
243,"60517918",adventure-works\candy0,Accounts Receivable Specialist,1976-02-23,S,F,2009-01-06,false,61,50,true,"9e9f713b-707c-4f7e-9504-de188052a045",2014-06-30 00:00:00.000,/4/2/2/
244,"931190412",adventure-works\bryan1,Accounts Receivable Specialist,1984-09-20,S,M,2009-01-24,false,62,51,true,cb3e71ec-a381-4716-87df-d3841ab9795a,2014-06-30 00:00:00.000,/4/2/3/
245,"363910111",adventure-works\barbara1,Accountant,1976-01-04,M,F,2009-02-18,true,58,49,true,"3ffba84e-8e97-4649-a5e1-859649d83aae",2014-06-30 00:00:00.000,/4/2/4/
246,"663843431",adventure-works\dragan0,Accounts Payable Specialist,1977-02-14,M,M,2009-02-11,false,63,51,true,"51c54d34-064b-44f7-a6b1-7702bd491980",2014-06-30 00:00:00.000,/4/2/5/
247,"519756660",adventure-works\janet0,Accounts Payable Specialist,1979-03-09,M,F,2009-03-01,false,64,52,true,"0c641d77-8675-493f-9947-8c65136559cd",2014-06-30 00:00:00.000,/4/2/6/
248,"480951955",adventure-works\mike0,Accountant,1979-07-01,S,M,2009-03-08,true,59,49,true,ac35337d-7c75-4dee-bb11-6564f257fe18,2014-06-30 00:00:00.000,/4/2/7/
249,"121491555",adventure-works\wendy0,Finance Manager,1984-10-11,S,F,2008-12-25,true,55,47,true,"8f410408-4aa8-4d67-886d-530bfe4ebe3b",2014-06-30 00:00:00.000,/4/3/
250,"895209680",adventure-works\sheela0,Purchasing Manager,1978-02-10,S,F,2011-02-25,true,49,44,true,"7d6b0155-0191-4599-8394-378ebde63c9a",2014-06-30 00:00:00.000,/4/3/1/
251,"603686790",adventure-works\mikael0,Buyer,1984-08-17,S,M,2009-02-10,false,59,49,true,d0fd55ff-42fa-491e-8b3b-ab3316018909,2014-06-30 00:00:00.000,/4/3/1/1/
252,"792847334",adventure-works\arvind0,Buyer,1974-08-21,M,M,2009-02-28,false,60,50,true,"51de26f0-6ed9-4a70-b689-88eb882674b6",2014-06-30 00:00:00.000,/4/3/1/2/
253,"407505660",adventure-works\linda2,Buyer,1970-11-30,M,F,2009-12-17,false,56,48,true,ed06f9f4-2123-4c44-89d7-e43e1e1abc2f,2014-06-30 00:00:00.000,/4/3/1/3/
254,"482810518",adventure-works\fukiko0,Buyer,1970-11-24,M,M,2010-01-04,false,57,48,true,"36cd6636-c657-4fc7-9bfa-cc1bfa9102a2",2014-06-30 00:00:00.000,/4/3/1/4/
255,"466142721",adventure-works\gordon0,Buyer,1966-11-29,M,M,2010-01-11,false,52,46,true,"2cb2d5c3-c437-49b1-9ffd-faa096f6126f",2014-06-30 00:00:00.000,/4/3/1/5/
256,"367453993",adventure-works\frank2,Buyer,1952-05-12,M,M,2010-01-23,false,58,49,true,"0423d8d0-1b14-4718-8c17-85e2f98d222f",2014-06-30 00:00:00.000,/4/3/1/6/
257,"381073001",adventure-works\eric2,Buyer,1972-09-17,S,M,2010-01-27,false,54,47,true,a28ab377-06f5-417a-a5e2-59f459088699,2014-06-30 00:00:00.000,/4/3/1/7/
258,"785853949",adventure-works\erin0,Buyer,1971-01-04,S,F,2010-01-31,false,53,46,true,b60712a9-50a5-4296-b892-69c4701834b0,2014-06-30 00:00:00.000,/4/3/1/8/
259,"20269531",adventure-works\ben0,Buyer,1973-06-03,M,M,2010-03-09,false,55,47,true,b9641cae-765c-4662-b760-c167a1f2b8b5,2014-06-30 00:00:00.000,/4/3/1/9/
260,"437296311",adventure-works\annette0,Purchasing Assistant,1978-01-29,M,F,2010-12-06,false,50,45,true,"9e03395f-4d5d-4a53-880e-174bd8c1db59",2014-06-30 00:00:00.000,/4/3/1/10/
261,"280633567",adventure-works\reinout0,Purchasing Assistant,1978-01-17,M,M,2010-12-25,false,51,45,true,"9825eb00-8e36-4506-93a2-6ddcdc0b13c3",2014-06-30 00:00:00.000,/4/3/1/11/
262,"231203233",adventure-works\david5,Assistant to the Chief Financial Officer,1964-06-21,S,M,2009-01-12,false,56,48,true,be81fd77-428c-449f-ab79-48b1cdf53d6a,2014-06-30 00:00:00.000,/4/4/
263,"441044382",adventure-works\jean0,Information Services Manager,1975-12-13,S,F,2008-12-11,true,65,52,true,"794a0b1f-c46a-401c-984d-008996fc7092",2014-06-30 00:00:00.000,/5/
264,"858323870",adventure-works\stephanie0,Network Manager,1984-03-25,S,F,2009-02-04,true,68,54,true,"221cbb7b-8bae-452b-a16f-a67ebb3873c8",2014-06-30 00:00:00.000,/5/1/
265,"749389530",adventure-works\ashvini0,Network Administrator,1977-03-27,S,M,2008-12-04,false,70,55,true,"2e680c1c-7c02-4343-9626-6f97273414c0",2014-06-30 00:00:00.000,/5/1/1/
266,"672243793",adventure-works\peter1,Network Administrator,1980-05-28,S,M,2009-02-23,false,69,54,true,"86601e6a-6955-40fc-bb4a-1053a843ce99",2014-06-30 00:00:00.000,/5/1/2/
267,"58317344",adventure-works\karen1,Application Specialist,1978-05-19,S,F,2009-02-16,true,74,57,true,"45c3d0f5-3332-419d-ad40-a98996bb5531",2014-06-30 00:00:00.000,/5/2/
268,"314747499",adventure-works\ramesh0,Application Specialist,1988-03-13,S,M,2009-02-03,true,73,56,true,be190269-4003-4d7f-809e-7b3fdc235da8,2014-06-30 00:00:00.000,/5/3/
269,"671089628",adventure-works\dan0,Application Specialist,1987-05-26,M,M,2009-01-11,true,72,56,true,"71b0d010-5ac5-4e91-8efa-c311c1372a73",2014-06-30 00:00:00.000,/5/4/
270,"643805155",adventure-works\fran√ßois0,Database Administrator,1975-05-17,S,M,2009-01-17,true,67,53,true,"0c7f025d-8d56-48ef-86c0-f09db63d0182",2014-06-30 00:00:00.000,/5/5/
271,"929666391",adventure-works\dan1,Database Administrator,1976-01-06,M,M,2009-01-22,true,66,53,true,"2474e1a9-902d-466c-b0b2-6dcac927f753",2014-06-30 00:00:00.000,/5/6/
272,"525932996",adventure-works\janaina0,Application Specialist,1985-01-30,M,F,2008-12-23,true,71,55,true,"241535c7-7a31-4a6a-9e0d-a83c30c2edda",2014-06-30 00:00:00.000,/5/7/
273,"112432117",adventure-works\brian3,Vice President of Sales,1977-06-06,S,M,2011-02-15,true,10,25,true,f3ec557c-8b41-4ee6-bb0c-e3b93aff81e5,2014-06-30 00:00:00.000,/6/
274,"502097814",adventure-works\stephen0,North American Sales Manager,1951-10-17,M,M,2011-01-04,true,14,27,true,"86d5fa9e-4bc0-48c8-91dc-1ec467418d11",2014-06-30 00:00:00.000,/6/1/
275,"841560125",adventure-works\michael9,Sales Representative,1968-12-25,S,M,2011-05-31,true,38,39,true,e19f8de2-0f40-418c-84a2-db48b98dc6a2,2014-06-30 00:00:00.000,/6/1/1/
276,"191644724",adventure-works\linda3,Sales Representative,1980-02-27,M,F,2011-05-31,true,27,33,true,"4509f387-d73a-43dc-a502-b1c27aa1dc9e",2014-06-30 00:00:00.000,/6/1/2/
277,"615389812",adventure-works\jillian0,Sales Representative,1962-08-29,S,F,2011-05-31,true,24,32,true,a011c97b-081c-4739-996f-c1cac4532f8d,2014-06-30 00:00:00.000,/6/1/3/
278,"234474252",adventure-works\garrett1,Sales Representative,1975-02-04,M,M,2011-05-31,true,33,36,true,"50eecc16-0d0d-43a9-9649-016c06de8d78",2014-06-30 00:00:00.000,/6/1/4/
279,"716374314",adventure-works\tsvi0,Sales Representative,1974-01-18,M,M,2011-05-31,true,29,34,true,bb510fce-0105-4306-b591-6450d9ebf401,2014-06-30 00:00:00.000,/6/1/5/
280,"61161660",adventure-works\pamela0,Sales Representative,1974-12-06,S,F,2011-05-31,true,22,31,true,"7627b9d6-0707-4706-9ad9-0d37506b08ae",2014-06-30 00:00:00.000,/6/1/6/
281,"139397894",adventure-works\shu0,Sales Representative,1968-03-09,M,M,2011-05-31,true,26,33,true,"4103c891-37e8-4dfc-aeac-b55e2bc1be1c",2014-06-30 00:00:00.000,/6/1/7/
282,"399771412",adventure-works\jos√©1,Sales Representative,1963-12-11,M,M,2011-05-31,true,31,35,true,fd3992fb-3067-451d-a09d-73bd53c0feca,2014-06-30 00:00:00.000,/6/1/8/
283,"987554265",adventure-works\david8,Sales Representative,1974-02-11,S,M,2011-05-31,true,23,31,true,"1e8f9e91-508f-4d49-acd2-775c836030ed",2014-06-30 00:00:00.000,/6/1/9/
284,"90836195",adventure-works\tete0,Sales Representative,1978-01-05,M,M,2012-09-30,true,39,39,true,"0c67ce00-de78-4712-908f-06939a2c58d5",2014-06-30 00:00:00.000,/6/1/10/
285,"481044938",adventure-works\syed0,Pacific Sales Manager,1975-01-11,M,M,2013-03-14,true,20,30,true,"86f292db-b73c-429d-9912-800994d809fb",2014-06-30 00:00:00.000,/6/2/
286,"758596752",adventure-works\lynn0,Sales Representative,1977-02-14,S,F,2013-05-30,true,36,38,true,"4a9a8407-a680-4a6b-8d03-511cb58f9a8a",2014-06-30 00:00:00.000,/6/2/1/
287,"982310417",adventure-works\amy0,European Sales Manager,1957-09-20,M,F,2012-04-16,true,21,30,true,"66d66445-ee78-4676-9e66-0e22d6109a92",2014-06-30 00:00:00.000,/6/3/
288,"954276278",adventure-works\rachel0,Sales Representative,1975-07-09,S,F,2013-05-30,true,35,37,true,b9bf7741-e0ca-4f37-acde-a4f78c6d03e9,2014-06-30 00:00:00.000,/6/3/1/
289,"668991357",adventure-works\jae0,Sales Representative,1968-03-17,M,F,2012-05-30,true,37,38,true,"723a5921-d8a1-4659-9bc4-13c4cf7c9c91",2014-06-30 00:00:00.000,/6/3/2/
290,"134219713",adventure-works\ranjit0,Sales Representative,1975-09-30,S,M,2012-05-30,true,34,37,true,"604213f9-dd0f-43b4-bdd2-c96e93d3f4bf",2014-06-30 00:00:00.000,/6/3/3/
